100,0.00002400,Insertion Sort,Nao,0,1,1
100,0.00225900,Insertion Sort,Sim,0,16,1
100,0.00006200,BucketSort,Nao,10,1,1
100,0.00014100,BucketSort,Nao,100,1,1
100,0.00043000,BucketSort,Nao,1000,1,1
100,0.00111000,BucketSort,Sim,10,16,1
100,0.00179000,BucketSort,Sim,100,16,1
100,0.00719300,BucketSort,Sim,1000,16,1
200,0.00006200,Insertion Sort,Nao,0,1,1
200,0.00187100,Insertion Sort,Sim,0,16,1
200,0.00008700,BucketSort,Nao,10,1,1
200,0.00021500,BucketSort,Nao,100,1,1
200,0.00049200,BucketSort,Nao,1000,1,1
200,0.00437600,BucketSort,Sim,10,16,1
200,0.00279800,BucketSort,Sim,100,16,1
200,0.00201800,BucketSort,Sim,1000,16,1
500,0.00009700,Insertion Sort,Nao,0,1,1
500,0.00174300,Insertion Sort,Sim,0,16,1
500,0.00015700,BucketSort,Nao,10,1,1
500,0.00037000,BucketSort,Nao,100,1,1
500,0.00066500,BucketSort,Nao,1000,1,1
500,0.00104300,BucketSort,Sim,10,16,1
500,0.00171100,BucketSort,Sim,100,16,1
500,0.00202700,BucketSort,Sim,1000,16,1
1000,0.00016500,Insertion Sort,Nao,0,1,1
1000,0.00106100,Insertion Sort,Sim,0,16,1
1000,0.00008800,BucketSort,Nao,10,1,1
1000,0.00015400,BucketSort,Nao,100,1,1
1000,0.00030700,BucketSort,Nao,1000,1,1
1000,0.00120700,BucketSort,Sim,10,16,1
1000,0.00481500,BucketSort,Sim,100,16,1
1000,0.00113400,BucketSort,Sim,1000,16,1
2000,0.00014000,Insertion Sort,Nao,0,1,1
2000,0.00083100,Insertion Sort,Sim,0,16,1
2000,0.00015200,BucketSort,Nao,10,1,1
2000,0.00021000,BucketSort,Nao,100,1,1
2000,0.00059600,BucketSort,Nao,1000,1,1
2000,0.00399000,BucketSort,Sim,10,16,1
2000,0.00080000,BucketSort,Sim,100,16,1
2000,0.00095500,BucketSort,Sim,1000,16,1
5000,0.00035300,Insertion Sort,Nao,0,1,1
5000,0.00081200,Insertion Sort,Sim,0,16,1
5000,0.00027700,BucketSort,Nao,10,1,1
5000,0.00031000,BucketSort,Nao,100,1,1
5000,0.00081000,BucketSort,Nao,1000,1,1
5000,0.00053300,BucketSort,Sim,10,16,1
5000,0.00107400,BucketSort,Sim,100,16,1
5000,0.00133000,BucketSort,Sim,1000,16,1
7500,0.00056900,Insertion Sort,Nao,0,1,1
7500,0.00098600,Insertion Sort,Sim,0,16,1
7500,0.00037300,BucketSort,Nao,10,1,1
7500,0.00046500,BucketSort,Nao,100,1,1
7500,0.00100300,BucketSort,Nao,1000,1,1
7500,0.00165200,BucketSort,Sim,10,16,1
7500,0.00122500,BucketSort,Sim,100,16,1
7500,0.00155500,BucketSort,Sim,1000,16,1
10000,0.00087500,Insertion Sort,Nao,0,1,1
10000,0.00120000,Insertion Sort,Sim,0,16,1
10000,0.00052900,BucketSort,Nao,10,1,1
10000,0.00051600,BucketSort,Nao,100,1,1
10000,0.00118800,BucketSort,Nao,1000,1,1
10000,0.00105400,BucketSort,Sim,10,16,1
10000,0.00102400,BucketSort,Sim,100,16,1
10000,0.00164800,BucketSort,Sim,1000,16,1
15000,0.00096900,Insertion Sort,Nao,0,1,1
15000,0.00166200,Insertion Sort,Sim,0,16,1
15000,0.00076700,BucketSort,Nao,10,1,1
15000,0.00073400,BucketSort,Nao,100,1,1
15000,0.00140800,BucketSort,Nao,1000,1,1
15000,0.00118800,BucketSort,Sim,10,16,1
15000,0.00131300,BucketSort,Sim,100,16,1
15000,0.00197100,BucketSort,Sim,1000,16,1
30000,0.00214600,Insertion Sort,Nao,0,1,1
30000,0.00207000,Insertion Sort,Sim,0,16,1
30000,0.00145000,BucketSort,Nao,10,1,1
30000,0.00138300,BucketSort,Nao,100,1,1
30000,0.00216600,BucketSort,Nao,1000,1,1
30000,0.00176300,BucketSort,Sim,10,16,1
30000,0.00179700,BucketSort,Sim,100,16,1
30000,0.00297000,BucketSort,Sim,1000,16,1
50000,0.00229700,Insertion Sort,Nao,0,1,1
50000,0.00336100,Insertion Sort,Sim,0,16,1
50000,0.00256900,BucketSort,Nao,10,1,1
50000,0.00215500,BucketSort,Nao,100,1,1
50000,0.00306500,BucketSort,Nao,1000,1,1
50000,0.00390600,BucketSort,Sim,10,16,1
50000,0.00358700,BucketSort,Sim,100,16,1
50000,0.00384800,BucketSort,Sim,1000,16,1
75000,0.00254000,Insertion Sort,Nao,0,1,1
75000,0.00487700,Insertion Sort,Sim,0,16,1
75000,0.00360100,BucketSort,Nao,10,1,1
75000,0.00326600,BucketSort,Nao,100,1,1
75000,0.00418400,BucketSort,Nao,1000,1,1
75000,0.00508900,BucketSort,Sim,10,16,1
75000,0.00466200,BucketSort,Sim,100,16,1
75000,0.00607100,BucketSort,Sim,1000,16,1
100000,0.00286500,Insertion Sort,Nao,0,1,1
100000,0.00750000,Insertion Sort,Sim,0,16,1
100000,0.00536100,BucketSort,Nao,10,1,1
100000,0.00452800,BucketSort,Nao,100,1,1
100000,0.00528600,BucketSort,Nao,1000,1,1
100000,0.00931600,BucketSort,Sim,10,16,1
100000,0.00517900,BucketSort,Sim,100,16,1
100000,0.00677100,BucketSort,Sim,1000,16,1
200000,0.00405100,Insertion Sort,Nao,0,1,1
200000,0.01215700,Insertion Sort,Sim,0,16,1
200000,0.01066000,BucketSort,Nao,10,1,1
200000,0.00943700,BucketSort,Nao,100,1,1
200000,0.01015000,BucketSort,Nao,1000,1,1
200000,0.01246100,BucketSort,Sim,10,16,1
200000,0.01363500,BucketSort,Sim,100,16,1
200000,0.01461000,BucketSort,Sim,1000,16,1
500000,0.00416200,Insertion Sort,Nao,0,1,1
500000,0.02740800,Insertion Sort,Sim,0,16,1
500000,0.02363900,BucketSort,Nao,10,1,1
500000,0.02181500,BucketSort,Nao,100,1,1
500000,0.02378500,BucketSort,Nao,1000,1,1
500000,0.02655600,BucketSort,Sim,10,16,1
500000,0.02614100,BucketSort,Sim,100,16,1
500000,0.02480700,BucketSort,Sim,1000,16,1
750000,0.00672700,Insertion Sort,Nao,0,1,1
750000,0.05256500,Insertion Sort,Sim,0,16,1
750000,0.04600000,BucketSort,Nao,10,1,1
750000,0.03843200,BucketSort,Nao,100,1,1
750000,0.03359100,BucketSort,Nao,1000,1,1
750000,0.04124700,BucketSort,Sim,10,16,1
750000,0.03962900,BucketSort,Sim,100,16,1
750000,0.03859000,BucketSort,Sim,1000,16,1
1000000,0.00723200,Insertion Sort,Nao,0,1,1
1000000,0.05608200,Insertion Sort,Sim,0,16,1
1000000,0.04254200,BucketSort,Nao,10,1,1
1000000,0.04119200,BucketSort,Nao,100,1,1
1000000,0.04191300,BucketSort,Nao,1000,1,1
1000000,0.05860400,BucketSort,Sim,10,16,1
1000000,0.05011100,BucketSort,Sim,100,16,1
1000000,0.05216700,BucketSort,Sim,1000,16,1
1250000,0.00841200,Insertion Sort,Nao,0,1,1
1250000,0.06770100,Insertion Sort,Sim,0,16,1
1250000,0.05352900,BucketSort,Nao,10,1,1
1250000,0.05234000,BucketSort,Nao,100,1,1
1250000,0.05491000,BucketSort,Nao,1000,1,1
1250000,0.06880600,BucketSort,Sim,10,16,1
1250000,0.06108600,BucketSort,Sim,100,16,1
1250000,0.06999900,BucketSort,Sim,1000,16,1
1500000,0.00926100,Insertion Sort,Nao,0,1,1
1500000,0.08155300,Insertion Sort,Sim,0,16,1
1500000,0.06294700,BucketSort,Nao,10,1,1
1500000,0.06081600,BucketSort,Nao,100,1,1
1500000,0.06157500,BucketSort,Nao,1000,1,1
1500000,0.07928600,BucketSort,Sim,10,16,1
1500000,0.06847600,BucketSort,Sim,100,16,1
1500000,0.07726400,BucketSort,Sim,1000,16,1
2000000,0.01087100,Insertion Sort,Nao,0,1,1
2000000,0.10033500,Insertion Sort,Sim,0,16,1
2000000,0.08209400,BucketSort,Nao,10,1,1
2000000,0.08073000,BucketSort,Nao,100,1,1
2000000,0.08384000,BucketSort,Nao,1000,1,1
2000000,0.10383100,BucketSort,Sim,10,16,1
2000000,0.11139400,BucketSort,Sim,100,16,1
2000000,0.11432000,BucketSort,Sim,1000,16,1
100,0.00000800,Insertion Sort,Nao,0,1,2
100,0.00097200,Insertion Sort,Sim,0,16,2
100,0.00001600,BucketSort,Nao,10,1,2
100,0.00003300,BucketSort,Nao,100,1,2
100,0.00011100,BucketSort,Nao,1000,1,2
100,0.00043600,BucketSort,Sim,10,16,2
100,0.00082500,BucketSort,Sim,100,16,2
100,0.00086800,BucketSort,Sim,1000,16,2
200,0.00001500,Insertion Sort,Nao,0,1,2
200,0.00085000,Insertion Sort,Sim,0,16,2
200,0.00002300,BucketSort,Nao,10,1,2
200,0.00005400,BucketSort,Nao,100,1,2
200,0.00016000,BucketSort,Nao,1000,1,2
200,0.00049000,BucketSort,Sim,10,16,2
200,0.00079800,BucketSort,Sim,100,16,2
200,0.00087200,BucketSort,Sim,1000,16,2
500,0.00002900,Insertion Sort,Nao,0,1,2
500,0.00076600,Insertion Sort,Sim,0,16,2
500,0.00004300,BucketSort,Nao,10,1,2
500,0.00008500,BucketSort,Nao,100,1,2
500,0.00023000,BucketSort,Nao,1000,1,2
500,0.00048200,BucketSort,Sim,10,16,2
500,0.00086100,BucketSort,Sim,100,16,2
500,0.00095800,BucketSort,Sim,1000,16,2
1000,0.00006600,Insertion Sort,Nao,0,1,2
1000,0.00084000,Insertion Sort,Sim,0,16,2
1000,0.00006300,BucketSort,Nao,10,1,2
1000,0.00013300,BucketSort,Nao,100,1,2
1000,0.00031300,BucketSort,Nao,1000,1,2
1000,0.00077100,BucketSort,Sim,10,16,2
1000,0.00136700,BucketSort,Sim,100,16,2
1000,0.00177200,BucketSort,Sim,1000,16,2
2000,0.00012700,Insertion Sort,Nao,0,1,2
2000,0.00091900,Insertion Sort,Sim,0,16,2
2000,0.00011300,BucketSort,Nao,10,1,2
2000,0.00017100,BucketSort,Nao,100,1,2
2000,0.00044400,BucketSort,Nao,1000,1,2
2000,0.00079400,BucketSort,Sim,10,16,2
2000,0.00103000,BucketSort,Sim,100,16,2
2000,0.00133100,BucketSort,Sim,1000,16,2
5000,0.00036200,Insertion Sort,Nao,0,1,2
5000,0.00126000,Insertion Sort,Sim,0,16,2
5000,0.00025600,BucketSort,Nao,10,1,2
5000,0.00030600,BucketSort,Nao,100,1,2
5000,0.00079300,BucketSort,Nao,1000,1,2
5000,0.00084100,BucketSort,Sim,10,16,2
5000,0.00092500,BucketSort,Sim,100,16,2
5000,0.00157100,BucketSort,Sim,1000,16,2
7500,0.00054500,Insertion Sort,Nao,0,1,2
7500,0.00128400,Insertion Sort,Sim,0,16,2
7500,0.00038300,BucketSort,Nao,10,1,2
7500,0.00041800,BucketSort,Nao,100,1,2
7500,0.00099900,BucketSort,Nao,1000,1,2
7500,0.00133400,BucketSort,Sim,10,16,2
7500,0.00160000,BucketSort,Sim,100,16,2
7500,0.00229700,BucketSort,Sim,1000,16,2
10000,0.00086700,Insertion Sort,Nao,0,1,2
10000,0.00151900,Insertion Sort,Sim,0,16,2
10000,0.00049300,BucketSort,Nao,10,1,2
10000,0.00056600,BucketSort,Nao,100,1,2
10000,0.00114300,BucketSort,Nao,1000,1,2
10000,0.00152400,BucketSort,Sim,10,16,2
10000,0.00143900,BucketSort,Sim,100,16,2
10000,0.00191100,BucketSort,Sim,1000,16,2
15000,0.00099200,Insertion Sort,Nao,0,1,2
15000,0.00186600,Insertion Sort,Sim,0,16,2
15000,0.00077900,BucketSort,Nao,10,1,2
15000,0.00073600,BucketSort,Nao,100,1,2
15000,0.00142300,BucketSort,Nao,1000,1,2
15000,0.00103700,BucketSort,Sim,10,16,2
15000,0.00174700,BucketSort,Sim,100,16,2
15000,0.00242500,BucketSort,Sim,1000,16,2
30000,0.00211600,Insertion Sort,Nao,0,1,2
30000,0.00204500,Insertion Sort,Sim,0,16,2
30000,0.00148900,BucketSort,Nao,10,1,2
30000,0.00135000,BucketSort,Nao,100,1,2
30000,0.00219300,BucketSort,Nao,1000,1,2
30000,0.00164400,BucketSort,Sim,10,16,2
30000,0.00198000,BucketSort,Sim,100,16,2
30000,0.00285200,BucketSort,Sim,1000,16,2
50000,0.00232100,Insertion Sort,Nao,0,1,2
50000,0.00327900,Insertion Sort,Sim,0,16,2
50000,0.00251800,BucketSort,Nao,10,1,2
50000,0.00220300,BucketSort,Nao,100,1,2
50000,0.00302900,BucketSort,Nao,1000,1,2
50000,0.00298400,BucketSort,Sim,10,16,2
50000,0.00351100,BucketSort,Sim,100,16,2
50000,0.00402900,BucketSort,Sim,1000,16,2
75000,0.00255000,Insertion Sort,Nao,0,1,2
75000,0.00602000,Insertion Sort,Sim,0,16,2
75000,0.00370300,BucketSort,Nao,10,1,2
75000,0.00322400,BucketSort,Nao,100,1,2
75000,0.00413800,BucketSort,Nao,1000,1,2
75000,0.00476800,BucketSort,Sim,10,16,2
75000,0.00509200,BucketSort,Sim,100,16,2
75000,0.00517800,BucketSort,Sim,1000,16,2
100000,0.00279000,Insertion Sort,Nao,0,1,2
100000,0.00578300,Insertion Sort,Sim,0,16,2
100000,0.00506100,BucketSort,Nao,10,1,2
100000,0.00425500,BucketSort,Nao,100,1,2
100000,0.00520100,BucketSort,Nao,1000,1,2
100000,0.00658900,BucketSort,Sim,10,16,2
100000,0.00570700,BucketSort,Sim,100,16,2
100000,0.00616400,BucketSort,Sim,1000,16,2
200000,0.00362200,Insertion Sort,Nao,0,1,2
200000,0.01034900,Insertion Sort,Sim,0,16,2
200000,0.00972400,BucketSort,Nao,10,1,2
200000,0.00830100,BucketSort,Nao,100,1,2
200000,0.00934200,BucketSort,Nao,1000,1,2
200000,0.01154900,BucketSort,Sim,10,16,2
200000,0.00954200,BucketSort,Sim,100,16,2
200000,0.01045600,BucketSort,Sim,1000,16,2
500000,0.00414500,Insertion Sort,Nao,0,1,2
500000,0.02429500,Insertion Sort,Sim,0,16,2
500000,0.02187700,BucketSort,Nao,10,1,2
500000,0.02022000,BucketSort,Nao,100,1,2
500000,0.02131100,BucketSort,Nao,1000,1,2
500000,0.02888500,BucketSort,Sim,10,16,2
500000,0.02276600,BucketSort,Sim,100,16,2
500000,0.02899100,BucketSort,Sim,1000,16,2
750000,0.00632400,Insertion Sort,Nao,0,1,2
750000,0.04385100,Insertion Sort,Sim,0,16,2
750000,0.03633800,BucketSort,Nao,10,1,2
750000,0.03247700,BucketSort,Nao,100,1,2
750000,0.03295200,BucketSort,Nao,1000,1,2
750000,0.04272000,BucketSort,Sim,10,16,2
750000,0.04130500,BucketSort,Sim,100,16,2
750000,0.04214400,BucketSort,Sim,1000,16,2
1000000,0.00709700,Insertion Sort,Nao,0,1,2
1000000,0.06902700,Insertion Sort,Sim,0,16,2
1000000,0.05081800,BucketSort,Nao,10,1,2
1000000,0.04129200,BucketSort,Nao,100,1,2
1000000,0.04415500,BucketSort,Nao,1000,1,2
1000000,0.05615200,BucketSort,Sim,10,16,2
1000000,0.05157600,BucketSort,Sim,100,16,2
1000000,0.05061900,BucketSort,Sim,1000,16,2
1250000,0.00830600,Insertion Sort,Nao,0,1,2
1250000,0.06413900,Insertion Sort,Sim,0,16,2
1250000,0.05256700,BucketSort,Nao,10,1,2
1250000,0.05111100,BucketSort,Nao,100,1,2
1250000,0.05174200,BucketSort,Nao,1000,1,2
1250000,0.06045700,BucketSort,Sim,10,16,2
1250000,0.06769600,BucketSort,Sim,100,16,2
1250000,0.06228800,BucketSort,Sim,1000,16,2
1500000,0.00922700,Insertion Sort,Nao,0,1,2
1500000,0.08619200,Insertion Sort,Sim,0,16,2
1500000,0.06791700,BucketSort,Nao,10,1,2
1500000,0.06586100,BucketSort,Nao,100,1,2
1500000,0.06512700,BucketSort,Nao,1000,1,2
1500000,0.07473100,BucketSort,Sim,10,16,2
1500000,0.07825600,BucketSort,Sim,100,16,2
1500000,0.08353700,BucketSort,Sim,1000,16,2
2000000,0.01119500,Insertion Sort,Nao,0,1,2
2000000,0.11878100,Insertion Sort,Sim,0,16,2
2000000,0.08298900,BucketSort,Nao,10,1,2
2000000,0.08285100,BucketSort,Nao,100,1,2
2000000,0.08514600,BucketSort,Nao,1000,1,2
2000000,0.10897200,BucketSort,Sim,10,16,2
2000000,0.11131100,BucketSort,Sim,100,16,2
2000000,0.11283900,BucketSort,Sim,1000,16,2
100,0.00000800,Insertion Sort,Nao,0,1,3
100,0.00096300,Insertion Sort,Sim,0,16,3
100,0.00001700,BucketSort,Nao,10,1,3
100,0.00003300,BucketSort,Nao,100,1,3
100,0.00014300,BucketSort,Nao,1000,1,3
100,0.00051500,BucketSort,Sim,10,16,3
100,0.00083800,BucketSort,Sim,100,16,3
100,0.00091600,BucketSort,Sim,1000,16,3
200,0.00001500,Insertion Sort,Nao,0,1,3
200,0.00077000,Insertion Sort,Sim,0,16,3
200,0.00002300,BucketSort,Nao,10,1,3
200,0.00005500,BucketSort,Nao,100,1,3
200,0.00014500,BucketSort,Nao,1000,1,3
200,0.00052200,BucketSort,Sim,10,16,3
200,0.00089500,BucketSort,Sim,100,16,3
200,0.00084300,BucketSort,Sim,1000,16,3
500,0.00004100,Insertion Sort,Nao,0,1,3
500,0.00074600,Insertion Sort,Sim,0,16,3
500,0.00004000,BucketSort,Nao,10,1,3
500,0.00010800,BucketSort,Nao,100,1,3
500,0.00026100,BucketSort,Nao,1000,1,3
500,0.00056500,BucketSort,Sim,10,16,3
500,0.00082000,BucketSort,Sim,100,16,3
500,0.00086400,BucketSort,Sim,1000,16,3
1000,0.00008500,Insertion Sort,Nao,0,1,3
1000,0.00090400,Insertion Sort,Sim,0,16,3
1000,0.00006700,BucketSort,Nao,10,1,3
1000,0.00011700,BucketSort,Nao,100,1,3
1000,0.00030900,BucketSort,Nao,1000,1,3
1000,0.00092500,BucketSort,Sim,10,16,3
1000,0.00081100,BucketSort,Sim,100,16,3
1000,0.00121200,BucketSort,Sim,1000,16,3
2000,0.00012500,Insertion Sort,Nao,0,1,3
2000,0.00111000,Insertion Sort,Sim,0,16,3
2000,0.00012600,BucketSort,Nao,10,1,3
2000,0.00017200,BucketSort,Nao,100,1,3
2000,0.00042900,BucketSort,Nao,1000,1,3
2000,0.00065600,BucketSort,Sim,10,16,3
2000,0.00086800,BucketSort,Sim,100,16,3
2000,0.00139900,BucketSort,Sim,1000,16,3
5000,0.00036300,Insertion Sort,Nao,0,1,3
5000,0.00126400,Insertion Sort,Sim,0,16,3
5000,0.00029400,BucketSort,Nao,10,1,3
5000,0.00032900,BucketSort,Nao,100,1,3
5000,0.00084600,BucketSort,Nao,1000,1,3
5000,0.00105300,BucketSort,Sim,10,16,3
5000,0.00111600,BucketSort,Sim,100,16,3
5000,0.00131800,BucketSort,Sim,1000,16,3
7500,0.00056300,Insertion Sort,Nao,0,1,3
7500,0.00147200,Insertion Sort,Sim,0,16,3
7500,0.00036700,BucketSort,Nao,10,1,3
7500,0.00043500,BucketSort,Nao,100,1,3
7500,0.00099700,BucketSort,Nao,1000,1,3
7500,0.00081400,BucketSort,Sim,10,16,3
7500,0.00116600,BucketSort,Sim,100,16,3
7500,0.00188900,BucketSort,Sim,1000,16,3
10000,0.00083800,Insertion Sort,Nao,0,1,3
10000,0.00136500,Insertion Sort,Sim,0,16,3
10000,0.00051600,BucketSort,Nao,10,1,3
10000,0.00051500,BucketSort,Nao,100,1,3
10000,0.00118900,BucketSort,Nao,1000,1,3
10000,0.00090400,BucketSort,Sim,10,16,3
10000,0.00117400,BucketSort,Sim,100,16,3
10000,0.00183400,BucketSort,Sim,1000,16,3
15000,0.00094900,Insertion Sort,Nao,0,1,3
15000,0.00161300,Insertion Sort,Sim,0,16,3
15000,0.00076300,BucketSort,Nao,10,1,3
15000,0.00077500,BucketSort,Nao,100,1,3
15000,0.00144000,BucketSort,Nao,1000,1,3
15000,0.00119600,BucketSort,Sim,10,16,3
15000,0.00156600,BucketSort,Sim,100,16,3
15000,0.00216100,BucketSort,Sim,1000,16,3
30000,0.00212900,Insertion Sort,Nao,0,1,3
30000,0.00253600,Insertion Sort,Sim,0,16,3
30000,0.00148000,BucketSort,Nao,10,1,3
30000,0.00133900,BucketSort,Nao,100,1,3
30000,0.00218600,BucketSort,Nao,1000,1,3
30000,0.00211700,BucketSort,Sim,10,16,3
30000,0.00229100,BucketSort,Sim,100,16,3
30000,0.00300600,BucketSort,Sim,1000,16,3
50000,0.00232400,Insertion Sort,Nao,0,1,3
50000,0.00372200,Insertion Sort,Sim,0,16,3
50000,0.00259300,BucketSort,Nao,10,1,3
50000,0.00218700,BucketSort,Nao,100,1,3
50000,0.00303200,BucketSort,Nao,1000,1,3
50000,0.00213200,BucketSort,Sim,10,16,3
50000,0.00354800,BucketSort,Sim,100,16,3
50000,0.00458200,BucketSort,Sim,1000,16,3
75000,0.00251700,Insertion Sort,Nao,0,1,3
75000,0.00467500,Insertion Sort,Sim,0,16,3
75000,0.00365400,BucketSort,Nao,10,1,3
75000,0.00318700,BucketSort,Nao,100,1,3
75000,0.00413800,BucketSort,Nao,1000,1,3
75000,0.00442400,BucketSort,Sim,10,16,3
75000,0.00514400,BucketSort,Sim,100,16,3
75000,0.00495100,BucketSort,Sim,1000,16,3
100000,0.00278700,Insertion Sort,Nao,0,1,3
100000,0.00686500,Insertion Sort,Sim,0,16,3
100000,0.00520300,BucketSort,Nao,10,1,3
100000,0.00425200,BucketSort,Nao,100,1,3
100000,0.00511000,BucketSort,Nao,1000,1,3
100000,0.00584000,BucketSort,Sim,10,16,3
100000,0.00571800,BucketSort,Sim,100,16,3
100000,0.00629300,BucketSort,Sim,1000,16,3
200000,0.00403500,Insertion Sort,Nao,0,1,3
200000,0.01125700,Insertion Sort,Sim,0,16,3
200000,0.00960700,BucketSort,Nao,10,1,3
200000,0.00835200,BucketSort,Nao,100,1,3
200000,0.00918100,BucketSort,Nao,1000,1,3
200000,0.01474400,BucketSort,Sim,10,16,3
200000,0.01339800,BucketSort,Sim,100,16,3
200000,0.01141200,BucketSort,Sim,1000,16,3
500000,0.00417000,Insertion Sort,Nao,0,1,3
500000,0.02265500,Insertion Sort,Sim,0,16,3
500000,0.02155000,BucketSort,Nao,10,1,3
500000,0.02032200,BucketSort,Nao,100,1,3
500000,0.02136300,BucketSort,Nao,1000,1,3
500000,0.02733500,BucketSort,Sim,10,16,3
500000,0.02450400,BucketSort,Sim,100,16,3
500000,0.03109600,BucketSort,Sim,1000,16,3
750000,0.00635900,Insertion Sort,Nao,0,1,3
750000,0.04266100,Insertion Sort,Sim,0,16,3
750000,0.03351300,BucketSort,Nao,10,1,3
750000,0.03083600,BucketSort,Nao,100,1,3
750000,0.03174400,BucketSort,Nao,1000,1,3
750000,0.04237200,BucketSort,Sim,10,16,3
750000,0.04140200,BucketSort,Sim,100,16,3
750000,0.03824600,BucketSort,Sim,1000,16,3
1000000,0.00710400,Insertion Sort,Nao,0,1,3
1000000,0.05360900,Insertion Sort,Sim,0,16,3
1000000,0.04256100,BucketSort,Nao,10,1,3
1000000,0.04075200,BucketSort,Nao,100,1,3
1000000,0.04154500,BucketSort,Nao,1000,1,3
1000000,0.05576400,BucketSort,Sim,10,16,3
1000000,0.05202300,BucketSort,Sim,100,16,3
1000000,0.05404600,BucketSort,Sim,1000,16,3
1250000,0.00799500,Insertion Sort,Nao,0,1,3
1250000,0.06861800,Insertion Sort,Sim,0,16,3
1250000,0.05222100,BucketSort,Nao,10,1,3
1250000,0.05079600,BucketSort,Nao,100,1,3
1250000,0.05181700,BucketSort,Nao,1000,1,3
1250000,0.06753900,BucketSort,Sim,10,16,3
1250000,0.06621400,BucketSort,Sim,100,16,3
1250000,0.06509500,BucketSort,Sim,1000,16,3
1500000,0.00954400,Insertion Sort,Nao,0,1,3
1500000,0.09279500,Insertion Sort,Sim,0,16,3
1500000,0.06297600,BucketSort,Nao,10,1,3
1500000,0.06087800,BucketSort,Nao,100,1,3
1500000,0.06146000,BucketSort,Nao,1000,1,3
1500000,0.07780000,BucketSort,Sim,10,16,3
1500000,0.07650000,BucketSort,Sim,100,16,3
1500000,0.07459500,BucketSort,Sim,1000,16,3
2000000,0.01083700,Insertion Sort,Nao,0,1,3
2000000,0.10670400,Insertion Sort,Sim,0,16,3
2000000,0.08275800,BucketSort,Nao,10,1,3
2000000,0.08274400,BucketSort,Nao,100,1,3
2000000,0.08513600,BucketSort,Nao,1000,1,3
2000000,0.10201100,BucketSort,Sim,10,16,3
2000000,0.10467700,BucketSort,Sim,100,16,3
2000000,0.10563000,BucketSort,Sim,1000,16,3
100,0.00000800,Insertion Sort,Nao,0,1,4
100,0.00070300,Insertion Sort,Sim,0,16,4
100,0.00001700,BucketSort,Nao,10,1,4
100,0.00003400,BucketSort,Nao,100,1,4
100,0.00009900,BucketSort,Nao,1000,1,4
100,0.00038000,BucketSort,Sim,10,16,4
100,0.00056100,BucketSort,Sim,100,16,4
100,0.00069500,BucketSort,Sim,1000,16,4
200,0.00001400,Insertion Sort,Nao,0,1,4
200,0.00059100,Insertion Sort,Sim,0,16,4
200,0.00002400,BucketSort,Nao,10,1,4
200,0.00005400,BucketSort,Nao,100,1,4
200,0.00015200,BucketSort,Nao,1000,1,4
200,0.00076400,BucketSort,Sim,10,16,4
200,0.00109800,BucketSort,Sim,100,16,4
200,0.00128300,BucketSort,Sim,1000,16,4
500,0.00004200,Insertion Sort,Nao,0,1,4
500,0.00094700,Insertion Sort,Sim,0,16,4
500,0.00004200,BucketSort,Nao,10,1,4
500,0.00013000,BucketSort,Nao,100,1,4
500,0.00025100,BucketSort,Nao,1000,1,4
500,0.00055200,BucketSort,Sim,10,16,4
500,0.00100300,BucketSort,Sim,100,16,4
500,0.00113400,BucketSort,Sim,1000,16,4
1000,0.00007500,Insertion Sort,Nao,0,1,4
1000,0.00065300,Insertion Sort,Sim,0,16,4
1000,0.00008500,BucketSort,Nao,10,1,4
1000,0.00016500,BucketSort,Nao,100,1,4
1000,0.00033500,BucketSort,Nao,1000,1,4
1000,0.00047500,BucketSort,Sim,10,16,4
1000,0.00090700,BucketSort,Sim,100,16,4
1000,0.00121000,BucketSort,Sim,1000,16,4
2000,0.00019900,Insertion Sort,Nao,0,1,4
2000,0.00082800,Insertion Sort,Sim,0,16,4
2000,0.00015700,BucketSort,Nao,10,1,4
2000,0.00025600,BucketSort,Nao,100,1,4
2000,0.00065800,BucketSort,Nao,1000,1,4
2000,0.00067400,BucketSort,Sim,10,16,4
2000,0.00082100,BucketSort,Sim,100,16,4
2000,0.00117700,BucketSort,Sim,1000,16,4
5000,0.00036100,Insertion Sort,Nao,0,1,4
5000,0.00119400,Insertion Sort,Sim,0,16,4
5000,0.00030400,BucketSort,Nao,10,1,4
5000,0.00034300,BucketSort,Nao,100,1,4
5000,0.00087700,BucketSort,Nao,1000,1,4
5000,0.00072700,BucketSort,Sim,10,16,4
5000,0.00099200,BucketSort,Sim,100,16,4
5000,0.00142900,BucketSort,Sim,1000,16,4
7500,0.00060800,Insertion Sort,Nao,0,1,4
7500,0.00094000,Insertion Sort,Sim,0,16,4
7500,0.00036800,BucketSort,Nao,10,1,4
7500,0.00042600,BucketSort,Nao,100,1,4
7500,0.00097900,BucketSort,Nao,1000,1,4
7500,0.00086600,BucketSort,Sim,10,16,4
7500,0.00139300,BucketSort,Sim,100,16,4
7500,0.00181800,BucketSort,Sim,1000,16,4
10000,0.00081900,Insertion Sort,Nao,0,1,4
10000,0.00139700,Insertion Sort,Sim,0,16,4
10000,0.00057200,BucketSort,Nao,10,1,4
10000,0.00057200,BucketSort,Nao,100,1,4
10000,0.00118900,BucketSort,Nao,1000,1,4
10000,0.00107800,BucketSort,Sim,10,16,4
10000,0.00145900,BucketSort,Sim,100,16,4
10000,0.00213700,BucketSort,Sim,1000,16,4
15000,0.00093800,Insertion Sort,Nao,0,1,4
15000,0.00188600,Insertion Sort,Sim,0,16,4
15000,0.00081000,BucketSort,Nao,10,1,4
15000,0.00077800,BucketSort,Nao,100,1,4
15000,0.00147000,BucketSort,Nao,1000,1,4
15000,0.00136300,BucketSort,Sim,10,16,4
15000,0.00166000,BucketSort,Sim,100,16,4
15000,0.00217300,BucketSort,Sim,1000,16,4
30000,0.00217900,Insertion Sort,Nao,0,1,4
30000,0.00226300,Insertion Sort,Sim,0,16,4
30000,0.00148900,BucketSort,Nao,10,1,4
30000,0.00139700,BucketSort,Nao,100,1,4
30000,0.00223200,BucketSort,Nao,1000,1,4
30000,0.00284400,BucketSort,Sim,10,16,4
30000,0.00570100,BucketSort,Sim,100,16,4
30000,0.00294100,BucketSort,Sim,1000,16,4
50000,0.00230100,Insertion Sort,Nao,0,1,4
50000,0.00347400,Insertion Sort,Sim,0,16,4
50000,0.00261300,BucketSort,Nao,10,1,4
50000,0.00223900,BucketSort,Nao,100,1,4
50000,0.00306000,BucketSort,Nao,1000,1,4
50000,0.00231000,BucketSort,Sim,10,16,4
50000,0.00304300,BucketSort,Sim,100,16,4
50000,0.00777800,BucketSort,Sim,1000,16,4
75000,0.00258200,Insertion Sort,Nao,0,1,4
75000,0.00505300,Insertion Sort,Sim,0,16,4
75000,0.00439400,BucketSort,Nao,10,1,4
75000,0.00452700,BucketSort,Nao,100,1,4
75000,0.00455100,BucketSort,Nao,1000,1,4
75000,0.00848300,BucketSort,Sim,10,16,4
75000,0.00402000,BucketSort,Sim,100,16,4
75000,0.00491100,BucketSort,Sim,1000,16,4
100000,0.00277200,Insertion Sort,Nao,0,1,4
100000,0.00460100,Insertion Sort,Sim,0,16,4
100000,0.00519200,BucketSort,Nao,10,1,4
100000,0.00515400,BucketSort,Nao,100,1,4
100000,0.00517000,BucketSort,Nao,1000,1,4
100000,0.00552000,BucketSort,Sim,10,16,4
100000,0.00531300,BucketSort,Sim,100,16,4
100000,0.00604500,BucketSort,Sim,1000,16,4
200000,0.00353700,Insertion Sort,Nao,0,1,4
200000,0.00934000,Insertion Sort,Sim,0,16,4
200000,0.00975000,BucketSort,Nao,10,1,4
200000,0.01132300,BucketSort,Nao,100,1,4
200000,0.00938300,BucketSort,Nao,1000,1,4
200000,0.01114500,BucketSort,Sim,10,16,4
200000,0.01094900,BucketSort,Sim,100,16,4
200000,0.01029500,BucketSort,Sim,1000,16,4
500000,0.00405300,Insertion Sort,Nao,0,1,4
500000,0.03091600,Insertion Sort,Sim,0,16,4
500000,0.02365900,BucketSort,Nao,10,1,4
500000,0.02036200,BucketSort,Nao,100,1,4
500000,0.02192000,BucketSort,Nao,1000,1,4
500000,0.02806600,BucketSort,Sim,10,16,4
500000,0.03190900,BucketSort,Sim,100,16,4
500000,0.02254400,BucketSort,Sim,1000,16,4
750000,0.00639800,Insertion Sort,Nao,0,1,4
750000,0.04016800,Insertion Sort,Sim,0,16,4
750000,0.03336100,BucketSort,Nao,10,1,4
750000,0.03061400,BucketSort,Nao,100,1,4
750000,0.03147100,BucketSort,Nao,1000,1,4
750000,0.04027700,BucketSort,Sim,10,16,4
750000,0.03762600,BucketSort,Sim,100,16,4
750000,0.04052800,BucketSort,Sim,1000,16,4
1000000,0.00708900,Insertion Sort,Nao,0,1,4
1000000,0.05285500,Insertion Sort,Sim,0,16,4
1000000,0.04270000,BucketSort,Nao,10,1,4
1000000,0.04081600,BucketSort,Nao,100,1,4
1000000,0.04148900,BucketSort,Nao,1000,1,4
1000000,0.05666600,BucketSort,Sim,10,16,4
1000000,0.05267800,BucketSort,Sim,100,16,4
1000000,0.05507500,BucketSort,Sim,1000,16,4
1250000,0.00813900,Insertion Sort,Nao,0,1,4
1250000,0.07174300,Insertion Sort,Sim,0,16,4
1250000,0.05313400,BucketSort,Nao,10,1,4
1250000,0.05052700,BucketSort,Nao,100,1,4
1250000,0.05183200,BucketSort,Nao,1000,1,4
1250000,0.06513400,BucketSort,Sim,10,16,4
1250000,0.06786700,BucketSort,Sim,100,16,4
1250000,0.06930900,BucketSort,Sim,1000,16,4
1500000,0.00924300,Insertion Sort,Nao,0,1,4
1500000,0.09761800,Insertion Sort,Sim,0,16,4
1500000,0.06802700,BucketSort,Nao,10,1,4
1500000,0.06136400,BucketSort,Nao,100,1,4
1500000,0.06157800,BucketSort,Nao,1000,1,4
1500000,0.07428800,BucketSort,Sim,10,16,4
1500000,0.07109000,BucketSort,Sim,100,16,4
1500000,0.07459700,BucketSort,Sim,1000,16,4
2000000,0.01137100,Insertion Sort,Nao,0,1,4
2000000,0.10958700,Insertion Sort,Sim,0,16,4
2000000,0.08219000,BucketSort,Nao,10,1,4
2000000,0.08040200,BucketSort,Nao,100,1,4
2000000,0.08425500,BucketSort,Nao,1000,1,4
2000000,0.10465400,BucketSort,Sim,10,16,4
2000000,0.10777000,BucketSort,Sim,100,16,4
2000000,0.10936300,BucketSort,Sim,1000,16,4
100,0.00000800,Insertion Sort,Nao,0,1,5
100,0.00085200,Insertion Sort,Sim,0,16,5
100,0.00001600,BucketSort,Nao,10,1,5
100,0.00004700,BucketSort,Nao,100,1,5
100,0.00013100,BucketSort,Nao,1000,1,5
100,0.00044100,BucketSort,Sim,10,16,5
100,0.00082000,BucketSort,Sim,100,16,5
100,0.00089100,BucketSort,Sim,1000,16,5
200,0.00002000,Insertion Sort,Nao,0,1,5
200,0.00077700,Insertion Sort,Sim,0,16,5
200,0.00002600,BucketSort,Nao,10,1,5
200,0.00007400,BucketSort,Nao,100,1,5
200,0.00018300,BucketSort,Nao,1000,1,5
200,0.00049100,BucketSort,Sim,10,16,5
200,0.00106000,BucketSort,Sim,100,16,5
200,0.00087700,BucketSort,Sim,1000,16,5
500,0.00004300,Insertion Sort,Nao,0,1,5
500,0.00076700,Insertion Sort,Sim,0,16,5
500,0.00004900,BucketSort,Nao,10,1,5
500,0.00010600,BucketSort,Nao,100,1,5
500,0.00024700,BucketSort,Nao,1000,1,5
500,0.00056600,BucketSort,Sim,10,16,5
500,0.00083400,BucketSort,Sim,100,16,5
500,0.00089800,BucketSort,Sim,1000,16,5
1000,0.00008600,Insertion Sort,Nao,0,1,5
1000,0.00115900,Insertion Sort,Sim,0,16,5
1000,0.00007700,BucketSort,Nao,10,1,5
1000,0.00014200,BucketSort,Nao,100,1,5
1000,0.00036400,BucketSort,Nao,1000,1,5
1000,0.00065300,BucketSort,Sim,10,16,5
1000,0.00119900,BucketSort,Sim,100,16,5
1000,0.00138200,BucketSort,Sim,1000,16,5
2000,0.00016200,Insertion Sort,Nao,0,1,5
2000,0.00137400,Insertion Sort,Sim,0,16,5
2000,0.00014400,BucketSort,Nao,10,1,5
2000,0.00021600,BucketSort,Nao,100,1,5
2000,0.00048100,BucketSort,Nao,1000,1,5
2000,0.00069900,BucketSort,Sim,10,16,5
2000,0.00106500,BucketSort,Sim,100,16,5
2000,0.00134500,BucketSort,Sim,1000,16,5
5000,0.00033600,Insertion Sort,Nao,0,1,5
5000,0.00124600,Insertion Sort,Sim,0,16,5
5000,0.00031000,BucketSort,Nao,10,1,5
5000,0.00030700,BucketSort,Nao,100,1,5
5000,0.00079100,BucketSort,Nao,1000,1,5
5000,0.00070900,BucketSort,Sim,10,16,5
5000,0.00101800,BucketSort,Sim,100,16,5
5000,0.00153200,BucketSort,Sim,1000,16,5
7500,0.00055600,Insertion Sort,Nao,0,1,5
7500,0.00139400,Insertion Sort,Sim,0,16,5
7500,0.00043700,BucketSort,Nao,10,1,5
7500,0.00046400,BucketSort,Nao,100,1,5
7500,0.00103800,BucketSort,Nao,1000,1,5
7500,0.00089800,BucketSort,Sim,10,16,5
7500,0.00133500,BucketSort,Sim,100,16,5
7500,0.00173400,BucketSort,Sim,1000,16,5
10000,0.00086700,Insertion Sort,Nao,0,1,5
10000,0.00099700,Insertion Sort,Sim,0,16,5
10000,0.00053700,BucketSort,Nao,10,1,5
10000,0.00059000,BucketSort,Nao,100,1,5
10000,0.00117300,BucketSort,Nao,1000,1,5
10000,0.00104100,BucketSort,Sim,10,16,5
10000,0.00116100,BucketSort,Sim,100,16,5
10000,0.00201100,BucketSort,Sim,1000,16,5
15000,0.00097600,Insertion Sort,Nao,0,1,5
15000,0.00161700,Insertion Sort,Sim,0,16,5
15000,0.00081400,BucketSort,Nao,10,1,5
15000,0.00078000,BucketSort,Nao,100,1,5
15000,0.00152100,BucketSort,Nao,1000,1,5
15000,0.00152500,BucketSort,Sim,10,16,5
15000,0.00152200,BucketSort,Sim,100,16,5
15000,0.00235600,BucketSort,Sim,1000,16,5
30000,0.00220900,Insertion Sort,Nao,0,1,5
30000,0.00291900,Insertion Sort,Sim,0,16,5
30000,0.00144800,BucketSort,Nao,10,1,5
30000,0.00133700,BucketSort,Nao,100,1,5
30000,0.00218300,BucketSort,Nao,1000,1,5
30000,0.00203600,BucketSort,Sim,10,16,5
30000,0.00210800,BucketSort,Sim,100,16,5
30000,0.00328300,BucketSort,Sim,1000,16,5
50000,0.00232400,Insertion Sort,Nao,0,1,5
50000,0.00361600,Insertion Sort,Sim,0,16,5
50000,0.00252900,BucketSort,Nao,10,1,5
50000,0.00220600,BucketSort,Nao,100,1,5
50000,0.00314400,BucketSort,Nao,1000,1,5
50000,0.00228800,BucketSort,Sim,10,16,5
50000,0.00357200,BucketSort,Sim,100,16,5
50000,0.00397700,BucketSort,Sim,1000,16,5
75000,0.00257300,Insertion Sort,Nao,0,1,5
75000,0.00503100,Insertion Sort,Sim,0,16,5
75000,0.00368800,BucketSort,Nao,10,1,5
75000,0.00320800,BucketSort,Nao,100,1,5
75000,0.00411400,BucketSort,Nao,1000,1,5
75000,0.00464500,BucketSort,Sim,10,16,5
75000,0.00506700,BucketSort,Sim,100,16,5
75000,0.00492700,BucketSort,Sim,1000,16,5
100000,0.00276100,Insertion Sort,Nao,0,1,5
100000,0.00533100,Insertion Sort,Sim,0,16,5
100000,0.00510400,BucketSort,Nao,10,1,5
100000,0.00420400,BucketSort,Nao,100,1,5
100000,0.00527600,BucketSort,Nao,1000,1,5
100000,0.00544300,BucketSort,Sim,10,16,5
100000,0.00470500,BucketSort,Sim,100,16,5
100000,0.00627300,BucketSort,Sim,1000,16,5
200000,0.00360800,Insertion Sort,Nao,0,1,5
200000,0.01487400,Insertion Sort,Sim,0,16,5
200000,0.00974200,BucketSort,Nao,10,1,5
200000,0.00832200,BucketSort,Nao,100,1,5
200000,0.00922400,BucketSort,Nao,1000,1,5
200000,0.01195500,BucketSort,Sim,10,16,5
200000,0.01109800,BucketSort,Sim,100,16,5
200000,0.01142600,BucketSort,Sim,1000,16,5
500000,0.00417300,Insertion Sort,Nao,0,1,5
500000,0.03066700,Insertion Sort,Sim,0,16,5
500000,0.02205400,BucketSort,Nao,10,1,5
500000,0.02053800,BucketSort,Nao,100,1,5
500000,0.02208100,BucketSort,Nao,1000,1,5
500000,0.02518000,BucketSort,Sim,10,16,5
500000,0.02355200,BucketSort,Sim,100,16,5
500000,0.02621200,BucketSort,Sim,1000,16,5
750000,0.00694600,Insertion Sort,Nao,0,1,5
750000,0.04763800,Insertion Sort,Sim,0,16,5
750000,0.03921200,BucketSort,Nao,10,1,5
750000,0.03595000,BucketSort,Nao,100,1,5
750000,0.03971200,BucketSort,Nao,1000,1,5
750000,0.05444700,BucketSort,Sim,10,16,5
750000,0.03884900,BucketSort,Sim,100,16,5
750000,0.04464100,BucketSort,Sim,1000,16,5
1000000,0.00754600,Insertion Sort,Nao,0,1,5
1000000,0.04895900,Insertion Sort,Sim,0,16,5
1000000,0.04562900,BucketSort,Nao,10,1,5
1000000,0.04183200,BucketSort,Nao,100,1,5
1000000,0.04253600,BucketSort,Nao,1000,1,5
1000000,0.05265700,BucketSort,Sim,10,16,5
1000000,0.04927900,BucketSort,Sim,100,16,5
1000000,0.05431000,BucketSort,Sim,1000,16,5
1250000,0.00861200,Insertion Sort,Nao,0,1,5
1250000,0.06966000,Insertion Sort,Sim,0,16,5
1250000,0.05453900,BucketSort,Nao,10,1,5
1250000,0.05280600,BucketSort,Nao,100,1,5
1250000,0.05554600,BucketSort,Nao,1000,1,5
1250000,0.05815300,BucketSort,Sim,10,16,5
1250000,0.05568200,BucketSort,Sim,100,16,5
1250000,0.08131400,BucketSort,Sim,1000,16,5
1500000,0.00973700,Insertion Sort,Nao,0,1,5
1500000,0.07816900,Insertion Sort,Sim,0,16,5
1500000,0.06686700,BucketSort,Nao,10,1,5
1500000,0.06081900,BucketSort,Nao,100,1,5
1500000,0.06257400,BucketSort,Nao,1000,1,5
1500000,0.07830900,BucketSort,Sim,10,16,5
1500000,0.07518900,BucketSort,Sim,100,16,5
1500000,0.08400300,BucketSort,Sim,1000,16,5
2000000,0.01087900,Insertion Sort,Nao,0,1,5
2000000,0.11734900,Insertion Sort,Sim,0,16,5
2000000,0.08388200,BucketSort,Nao,10,1,5
2000000,0.08217300,BucketSort,Nao,100,1,5
2000000,0.08214600,BucketSort,Nao,1000,1,5
2000000,0.10392600,BucketSort,Sim,10,16,5
2000000,0.10887800,BucketSort,Sim,100,16,5
2000000,0.10526000,BucketSort,Sim,1000,16,5
100,0.00000800,Insertion Sort,Nao,0,1,6
100,0.00093400,Insertion Sort,Sim,0,16,6
100,0.00001600,BucketSort,Nao,10,1,6
100,0.00004700,BucketSort,Nao,100,1,6
100,0.00012300,BucketSort,Nao,1000,1,6
100,0.00039200,BucketSort,Sim,10,16,6
100,0.00061200,BucketSort,Sim,100,16,6
100,0.00069700,BucketSort,Sim,1000,16,6
200,0.00002200,Insertion Sort,Nao,0,1,6
200,0.00056200,Insertion Sort,Sim,0,16,6
200,0.00002500,BucketSort,Nao,10,1,6
200,0.00007100,BucketSort,Nao,100,1,6
200,0.00015000,BucketSort,Nao,1000,1,6
200,0.00040700,BucketSort,Sim,10,16,6
200,0.00082400,BucketSort,Sim,100,16,6
200,0.00080700,BucketSort,Sim,1000,16,6
500,0.00004000,Insertion Sort,Nao,0,1,6
500,0.00063300,Insertion Sort,Sim,0,16,6
500,0.00004800,BucketSort,Nao,10,1,6
500,0.00010800,BucketSort,Nao,100,1,6
500,0.00024300,BucketSort,Nao,1000,1,6
500,0.00038500,BucketSort,Sim,10,16,6
500,0.00077900,BucketSort,Sim,100,16,6
500,0.00102200,BucketSort,Sim,1000,16,6
1000,0.00006600,Insertion Sort,Nao,0,1,6
1000,0.00086600,Insertion Sort,Sim,0,16,6
1000,0.00008400,BucketSort,Nao,10,1,6
1000,0.00015100,BucketSort,Nao,100,1,6
1000,0.00036500,BucketSort,Nao,1000,1,6
1000,0.00058400,BucketSort,Sim,10,16,6
1000,0.00101000,BucketSort,Sim,100,16,6
1000,0.00115200,BucketSort,Sim,1000,16,6
2000,0.00016200,Insertion Sort,Nao,0,1,6
2000,0.00097100,Insertion Sort,Sim,0,16,6
2000,0.00014200,BucketSort,Nao,10,1,6
2000,0.00021500,BucketSort,Nao,100,1,6
2000,0.00048100,BucketSort,Nao,1000,1,6
2000,0.00069900,BucketSort,Sim,10,16,6
2000,0.00087000,BucketSort,Sim,100,16,6
2000,0.00147400,BucketSort,Sim,1000,16,6
5000,0.00037300,Insertion Sort,Nao,0,1,6
5000,0.00131600,Insertion Sort,Sim,0,16,6
5000,0.00038000,BucketSort,Nao,10,1,6
5000,0.00045400,BucketSort,Nao,100,1,6
5000,0.00122600,BucketSort,Nao,1000,1,6
5000,0.00106200,BucketSort,Sim,10,16,6
5000,0.00132900,BucketSort,Sim,100,16,6
5000,0.00166600,BucketSort,Sim,1000,16,6
7500,0.00056000,Insertion Sort,Nao,0,1,6
7500,0.00101800,Insertion Sort,Sim,0,16,6
7500,0.00041400,BucketSort,Nao,10,1,6
7500,0.00047000,BucketSort,Nao,100,1,6
7500,0.00106900,BucketSort,Nao,1000,1,6
7500,0.00114900,BucketSort,Sim,10,16,6
7500,0.00134200,BucketSort,Sim,100,16,6
7500,0.00195400,BucketSort,Sim,1000,16,6
10000,0.00085400,Insertion Sort,Nao,0,1,6
10000,0.00150200,Insertion Sort,Sim,0,16,6
10000,0.00055200,BucketSort,Nao,10,1,6
10000,0.00055600,BucketSort,Nao,100,1,6
10000,0.00122300,BucketSort,Nao,1000,1,6
10000,0.00111300,BucketSort,Sim,10,16,6
10000,0.00149000,BucketSort,Sim,100,16,6
10000,0.00217700,BucketSort,Sim,1000,16,6
15000,0.00095700,Insertion Sort,Nao,0,1,6
15000,0.00189800,Insertion Sort,Sim,0,16,6
15000,0.00082900,BucketSort,Nao,10,1,6
15000,0.00084100,BucketSort,Nao,100,1,6
15000,0.00144800,BucketSort,Nao,1000,1,6
15000,0.00126000,BucketSort,Sim,10,16,6
15000,0.00152400,BucketSort,Sim,100,16,6
15000,0.00233800,BucketSort,Sim,1000,16,6
30000,0.00210300,Insertion Sort,Nao,0,1,6
30000,0.00225400,Insertion Sort,Sim,0,16,6
30000,0.00149800,BucketSort,Nao,10,1,6
30000,0.00138500,BucketSort,Nao,100,1,6
30000,0.00227800,BucketSort,Nao,1000,1,6
30000,0.00155100,BucketSort,Sim,10,16,6
30000,0.00205500,BucketSort,Sim,100,16,6
30000,0.00321900,BucketSort,Sim,1000,16,6
50000,0.00228600,Insertion Sort,Nao,0,1,6
50000,0.00332000,Insertion Sort,Sim,0,16,6
50000,0.00248100,BucketSort,Nao,10,1,6
50000,0.00215800,BucketSort,Nao,100,1,6
50000,0.00302900,BucketSort,Nao,1000,1,6
50000,0.00258000,BucketSort,Sim,10,16,6
50000,0.00307900,BucketSort,Sim,100,16,6
50000,0.00400800,BucketSort,Sim,1000,16,6
75000,0.00249800,Insertion Sort,Nao,0,1,6
75000,0.00503900,Insertion Sort,Sim,0,16,6
75000,0.00363400,BucketSort,Nao,10,1,6
75000,0.00316100,BucketSort,Nao,100,1,6
75000,0.00412300,BucketSort,Nao,1000,1,6
75000,0.00402900,BucketSort,Sim,10,16,6
75000,0.00446100,BucketSort,Sim,100,16,6
75000,0.00516000,BucketSort,Sim,1000,16,6
100000,0.00275200,Insertion Sort,Nao,0,1,6
100000,0.00559500,Insertion Sort,Sim,0,16,6
100000,0.00500800,BucketSort,Nao,10,1,6
100000,0.00419300,BucketSort,Nao,100,1,6
100000,0.00512000,BucketSort,Nao,1000,1,6
100000,0.00550300,BucketSort,Sim,10,16,6
100000,0.00671000,BucketSort,Sim,100,16,6
100000,0.00619700,BucketSort,Sim,1000,16,6
200000,0.00363400,Insertion Sort,Nao,0,1,6
200000,0.01012600,Insertion Sort,Sim,0,16,6
200000,0.00948300,BucketSort,Nao,10,1,6
200000,0.00824700,BucketSort,Nao,100,1,6
200000,0.00930500,BucketSort,Nao,1000,1,6
200000,0.01613200,BucketSort,Sim,10,16,6
200000,0.01025800,BucketSort,Sim,100,16,6
200000,0.01255700,BucketSort,Sim,1000,16,6
500000,0.00409500,Insertion Sort,Nao,0,1,6
500000,0.02431100,Insertion Sort,Sim,0,16,6
500000,0.02179600,BucketSort,Nao,10,1,6
500000,0.02023200,BucketSort,Nao,100,1,6
500000,0.02139100,BucketSort,Nao,1000,1,6
500000,0.03275700,BucketSort,Sim,10,16,6
500000,0.02570800,BucketSort,Sim,100,16,6
500000,0.02546900,BucketSort,Sim,1000,16,6
750000,0.00638900,Insertion Sort,Nao,0,1,6
750000,0.03379600,Insertion Sort,Sim,0,16,6
750000,0.03318900,BucketSort,Nao,10,1,6
750000,0.03086500,BucketSort,Nao,100,1,6
750000,0.03143000,BucketSort,Nao,1000,1,6
750000,0.04778100,BucketSort,Sim,10,16,6
750000,0.04061900,BucketSort,Sim,100,16,6
750000,0.03697900,BucketSort,Sim,1000,16,6
1000000,0.00714900,Insertion Sort,Nao,0,1,6
1000000,0.05961300,Insertion Sort,Sim,0,16,6
1000000,0.04210600,BucketSort,Nao,10,1,6
1000000,0.04053300,BucketSort,Nao,100,1,6
1000000,0.04134600,BucketSort,Nao,1000,1,6
1000000,0.05692400,BucketSort,Sim,10,16,6
1000000,0.05117900,BucketSort,Sim,100,16,6
1000000,0.05006500,BucketSort,Sim,1000,16,6
1250000,0.00803200,Insertion Sort,Nao,0,1,6
1250000,0.06921100,Insertion Sort,Sim,0,16,6
1250000,0.05298500,BucketSort,Nao,10,1,6
1250000,0.05308400,BucketSort,Nao,100,1,6
1250000,0.05163900,BucketSort,Nao,1000,1,6
1250000,0.06759800,BucketSort,Sim,10,16,6
1250000,0.07071900,BucketSort,Sim,100,16,6
1250000,0.07853700,BucketSort,Sim,1000,16,6
1500000,0.00953600,Insertion Sort,Nao,0,1,6
1500000,0.07918400,Insertion Sort,Sim,0,16,6
1500000,0.06681700,BucketSort,Nao,10,1,6
1500000,0.06236200,BucketSort,Nao,100,1,6
1500000,0.06549700,BucketSort,Nao,1000,1,6
1500000,0.08007100,BucketSort,Sim,10,16,6
1500000,0.07134200,BucketSort,Sim,100,16,6
1500000,0.07763100,BucketSort,Sim,1000,16,6
2000000,0.01169400,Insertion Sort,Nao,0,1,6
2000000,0.10000000,Insertion Sort,Sim,0,16,6
2000000,0.08542200,BucketSort,Nao,10,1,6
2000000,0.08302300,BucketSort,Nao,100,1,6
2000000,0.08567300,BucketSort,Nao,1000,1,6
2000000,0.09268900,BucketSort,Sim,10,16,6
2000000,0.10034200,BucketSort,Sim,100,16,6
2000000,0.12783200,BucketSort,Sim,1000,16,6
